cluster	n_apps	cumulative_count	silhouette_score	app_names	top_terms	top_features	top_indications	top_demographics
cluster_6	13	13	0.6297241843542408	Fears & Phobias Hypnosis, Hypnosis App for Weight Loss, Anxiety Relief Apps & Hypnosis, Self-Esteem Hypnosis, Pain Relief Hypnosis, Sleep Well Hypnosis & Insomnia, Eat Healthy Hypnosis, Attract Love Hypnosis App, End Procrastination Hypnosis, Migraine Relief Hypnosis, Enjoy Exercise Hypnosis, Break Bad Habits Hypnosis, Law of Attraction Hypnosis	{'hypnosis': np.float64(0.4106465264783476), 'surfcityapps': np.float64(0.4023099745862688), 'apps': np.float64(0.22685053683983858), 'hypnotic': np.float64(0.20987306226552838), 'http': np.float64(0.18622949922689086), 'com': np.float64(0.1676852425524312), 'background': np.float64(0.1552762637918629), 'application': np.float64(0.14709077851592295), 'en': np.float64(0.13141646513264763), 'org': np.float64(0.12547328969610333)}	{'Soothing Audio': 5, 'Other': 9, 'Talk Therapy / Coaching - AI/Digital': 2, 'Meditation': 6}	{'Phobias': 1, 'General': 9, 'Eating Disorders': 2, 'Anxiety': 1, 'Sleep': 1}	{'General': 13}
cluster_9	13	26	0.36791365892614625	OCD ERP: AI Exposure Therapy, ObsessLess: OCD Treatment App, Mindlez ‚Äì OCD Treatment, Choiceful: OCD Treatment App, StopOCD - Online OCD Therapy, OCD Help, Obsessed, OCD Mantra : OCD treatment App, OCD Therapy Toolkit, OCD.app Anxiety, Mood & Sleep, OCD, OCD Test, NOCD: OCD Therapy and Tools	{'ocd': np.float64(0.7665136167190578), 'therapy': np.float64(0.09091330630397434), 'treatment': np.float64(0.07997832353456948), 'exposure': np.float64(0.07584419138566251), 'therapist': np.float64(0.06560708335699458), 'app': np.float64(0.06506558544182074), 'disorder': np.float64(0.05324577486936728), 'recovery': np.float64(0.052141277071196514), 'thoughts': np.float64(0.04732861814104639), 'information': np.float64(0.04612118059121818)}	{'Talk Therapy / Coaching - AI/Digital': 6, 'Assessment': 8, 'Other': 3, 'Talk Therapy / Coaching - Clinician': 3, 'Educational Content': 3}	{'OCD': 13, 'Anxiety': 2, 'General': 2, 'Depression & Mood Disorders': 1}	{'General': 13, 'Ethnic Minority': 1}
cluster_47	8	34	0.36698977946689837	Flo Ovulation & Period Tracker, Period Tracker and Calendar, Clue Cycle & Period Tracker, Period Calendar Period Tracker, Life: Period Tracker Calendar, Period Tracker Deluxe, Ivy Period & Pregnancy Tracker, Period Tracker	{'period': np.float64(0.5261343394814794), 'ovulation': np.float64(0.39629796046921384), 'tracker': np.float64(0.24413516377922687), 'cycle': np.float64(0.21666540215656724), 'pregnancy': np.float64(0.16868081566230025), 'calendar': np.float64(0.15120496256386892), 'symptoms': np.float64(0.10915474266510393), 'women': np.float64(0.09085522305543837), 'days': np.float64(0.07635944507795728), 'tracking': np.float64(0.0758865854341809)}	{'Educational Content': 3, 'Assessment': 2, 'Other': 7}	{'General': 8}	{'Women': 7, 'Pregnant Women / Mothers': 2, 'General': 1}
cluster_26	7	41	0.2242592045992858	Prevent A Suicide: What To Say, Prevent Suicide - Highland, Suicide Safe, Suicide Safety Plan, Stay Alive, Safety Plan, Minplan safety plan	{'suicide': np.float64(0.5271062691110975), 'safety': np.float64(0.2797761151233605), 'plan': np.float64(0.21440932939377877), 'crisis': np.float64(0.12302567699202471), 'safe': np.float64(0.08726643984065467), 'app': np.float64(0.07853418271379604), 'prevent': np.float64(0.07758436433234733), 'patients': np.float64(0.06629551822860463), 'services': np.float64(0.061834052715702165), 'resources': np.float64(0.058686106341263394)}	{'Educational Content': 4, 'Other': 7, 'Assessment': 2}	{'Self-Harm': 4, 'General': 5, 'Trauma / PTSD': 1, 'Anxiety': 1, 'Depression & Mood Disorders': 1}	{'General': 7}
cluster_17	9	50	0.21811840587281017	My EMDR, EMDR Kit, Heal EMDR: Self-Guided Therapy, EMDR Online, EMDR Platform, EMDR TriSense‚Ñ¢, Anxiety Release based on EMDR, EMDR Therapy, EMDR Sound Relax	{'emdr': np.float64(0.6168780974064016), 'movement': np.float64(0.11349228999839167), 'eye': np.float64(0.11225526594789705), 'trauma': np.float64(0.10783239585060281), 'therapy': np.float64(0.10501640901296928), 'ptsd': np.float64(0.09246159757178633), 'brain': np.float64(0.08816032746041476), 'therapist': np.float64(0.07691124891239914), 'traumatic': np.float64(0.07617574532236224), 'memories': np.float64(0.07466239812693068)}	{'Talk Therapy / Coaching - AI/Digital': 5, 'Other': 9, 'Talk Therapy / Coaching - Clinician': 3, 'Educational Content': 1, 'Soothing Audio': 1}	{'Trauma / PTSD': 7, 'General': 3, 'Schizophrenia': 1, 'Anxiety': 2, 'Depression & Mood Disorders': 1}	{'General': 9}
cluster_25	10	60	0.2124426524000599	Grief Refuge, Apart of Me, Lifebreak - Bienestar Mental, Untangle: Grief Support, Griefity: Grief Support, Grief Works - Self Love & Care, Psicoaplique, GRIEF EASE, Empathy - Loss Companion, Confident Grief Coach School	{'grief': np.float64(0.5948404092839304), 'support': np.float64(0.11834858582500335), 'help': np.float64(0.07670654232995937), 'people': np.float64(0.0708040275144033), 'loss': np.float64(0.06675800638880883), 'content': np.float64(0.05530364434219433), 'emotional': np.float64(0.0543431564563164), 'loved': np.float64(0.0531198354943343), 'connect': np.float64(0.04973265784254702), 'process': np.float64(0.04810265170408068)}	{'Soothing Audio': 1, 'Journaling': 2, 'Games': 2, 'Educational Content': 8, 'Meditation': 3, 'Talk Therapy / Coaching - Peer': 1, 'Other': 4, 'Talk Therapy / Coaching - Clinician': 1}	{'Grief': 9, 'General': 2}	{'General': 9, 'Children': 1, 'Youth': 1}
cluster_35	47	107	0.1986387079888586	Diary with Lock: Diary Journal, DayDew - Daily Journal, Diary, Pic Diary - My Photo Journal, Daybook - Diary, Journal, Note, Lifely: my timeline diary, Diary & Journal with lock, My Diary - Diary With Lock, My Diary - Daily Journal, Lock, My diary - Secret Journal, Secret Diary - My Journal, Digital Personal Daily Diary, Grid Diary - Journal, Planner, Diaro - Diary Journal Notes, My Diary, Oak Diary: My Life Stories, Hearty Journal - Diary, Notes, Graphite: Journal, Bucket List, POPdiary+ : diary, journal, FeatherNotes: Journal & Diary, Purple Diary Journal with Lock, Life : Personal Diary, Journal, My Diary: Intelligent Journal, Diary with Lock: Daily Journal, My Diary - Daily Journal Lock, Unicorn Diary (lock - PIN), DiaryIt - Daily Diary Journal, Diary with Fingerprint Lock, POPdiary - diary, journal, Daily Diary: Journal with Lock, Journal App & Diary - Clearful, Grateful Diary: Daily Journal, Your Diary: Mood Daily Journal, My Daily Diary- Secret Journal, Photo Diary: Journal with lock, My Diary & Journal with Lock, My Diary - Daily Diary Journal, Daynote | Diary with Lock, Diarium: Journal, Diary, Daily Diary: AI Super Journal, Heart Diary: Emotion Mood Memo, Diary, My Diary Journal - Daily Note, Diary with lock password, Bujo - Bullet Journal & Diary, My Diary with Password Lock, Diary With Lock Password, DailyLife - My Diary, Journal	{'diary': np.float64(0.5441765435616791), 'journal': np.float64(0.244018199000239), 'lock': np.float64(0.13470566954162447), 'entries': np.float64(0.12319673636042272), 'daily': np.float64(0.10034184911330245), 'memories': np.float64(0.09829913245144652), 'journaling': np.float64(0.08300376642929741), 'writing': np.float64(0.07204915684345667), 'private': np.float64(0.07041267085093252), 'password': np.float64(0.06594283790978081)}	{'Journaling': 47, 'Mood Tracking': 12, 'Other': 27, 'Assessment': 1, 'Games': 1}	{'General': 47}	{'General': 46, 'Children': 1, 'Youth': 1}
cluster_27	8	115	0.19186406866949837	My Oasis: Relaxing, Satisfying, Soar With Tapping, Tapping with T, The Tapping Hub, The Tapping Solution, Rapid Tapping, My Tapping App 2, omPoint: EFT Tapping Sessions	{'tapping': np.float64(0.5882555369874093), 'game': np.float64(0.08490662556522885), 'anxiety': np.float64(0.08016272945638062), 'pain': np.float64(0.07891430227330515), 'app': np.float64(0.07759702511947136), 'stress': np.float64(0.07538779940420975), 'healing': np.float64(0.06424583588907053), 'solution': np.float64(0.058847545045982844), 'sessions': np.float64(0.05804706501950643), 'subscription': np.float64(0.05713186928282672)}	{'Games': 2, 'Other': 5, 'Talk Therapy / Coaching - Peer': 1, 'Educational Content': 3, 'Meditation': 1, 'Talk Therapy / Coaching - AI/Digital': 2}	{'General': 7, 'Anxiety': 3, 'Depression & Mood Disorders': 1, 'Sleep': 1}	{'General': 8}
cluster_40	8	123	0.19037865049403138	Sleep Hypnosis Music for Relax, Frequency Healing Sounds Hertz, Binaural Beats Brainwaves, Binaural Beats: Focus & Relax, Brainwaves: Binaural Beats ‚Ñ¢, Frequency: Healing Sounds, Healing Frequencies Sounds Hz, Third Eye Opening Chakra Reiki	{'hz': np.float64(0.5273963813801271), 'frequencies': np.float64(0.1632220855144786), 'binaural': np.float64(0.14880432121893242), 'frequency': np.float64(0.1449479105975223), 'healing': np.float64(0.13812877766057596), 'waves': np.float64(0.12811610905878823), 'beats': np.float64(0.11757997181962765), 'sleep': np.float64(0.11337952321636313), 'music': np.float64(0.10415408569541154), 'brainwave': np.float64(0.10340690286778319)}	{'Soothing Audio': 7, 'Meditation': 5, 'Other': 3}	{'Sleep': 6, 'General': 6, 'Anxiety': 5}	{'General': 8}
cluster_41	17	140	0.18419212176106425	Mantra Time - Wake with mantra, Just Digital Japa Counter, Japa 108 - Counter & Tracker, Meera- Chanting, Mantra, Jaap, Mantra Health, Chant Hare Krishna, Mantra Chanting and Meditation, Mantra Japa - Counter&Tracker, Mantra Meditation, Easy Counter (Mantra Chanting), Mantra Repeater, Mantra Counter, Jaap Tracker - Om Chanting, MalaMode üìø Mantra Counter, Mantra Counter, Daily Chants: Mantras Chanting, Sadhana: Mandir, Mantra & Puja	{'mantra': np.float64(0.48410535391578036), 'chanting': np.float64(0.21462417726388208), 'counter': np.float64(0.16827189581746102), 'japa': np.float64(0.1665454337283806), 'mantras': np.float64(0.15513149560118802), 'spiritual': np.float64(0.12432704337988315), 'count': np.float64(0.09771348979678146), 'meditation': np.float64(0.09104364629907925), 'app': np.float64(0.049864665369735765), 'practice': np.float64(0.035242241457058676)}	{'Meditation': 9, 'Other': 15, 'Talk Therapy / Coaching - Clinician': 1, 'Educational Content': 1, 'Soothing Audio': 3}	{'General': 16, 'Sleep': 1}	{'General': 16, 'Students': 1}
cluster_22	21	161	0.1738900648036468	Unprocessed, Shape: Healthy Eating Journal, Nourish: Eating Well Made Easy, Worth Warrior: help body image, Binge Eating Disorder Test, Bertie - Binge Eating Recovery, Shutterbite: Mindful Eating, Chewing Diet, Resilience eDBT, Intuitive Eating Journal Munch, Pomellow - ED recovery friend, Ate Food Journal & Photo Diary, SociEATy: Non-Diet Wellness, Eating Disorder Support, RR Eating Disorder Management, Brighter Bite - Eating Disorde, Eating Disorder Test, Recovered: ED Recovery, R.care - Binge Eating Recovery, Intuitive Eating Buddy & Diary, Thora: Manage Binge Eating	{'eating': np.float64(0.532000114826815), 'food': np.float64(0.21685300499189053), 'binge': np.float64(0.12577349724818898), 'disorders': np.float64(0.09610260475636072), 'eat': np.float64(0.08680992841310842), 'disorder': np.float64(0.08014301096654342), 'body': np.float64(0.07364450399447169), 'recovery': np.float64(0.058633113776182334), 'journal': np.float64(0.05245011231673731), 'mindful': np.float64(0.05159268499839985)}	{'Journaling': 12, 'Educational Content': 13, 'Other': 10, 'Talk Therapy / Coaching - Clinician': 1, 'Assessment': 8, 'Talk Therapy / Coaching - AI/Digital': 3}	{'Eating Disorders': 20, 'General': 5}	{'General': 20, 'Youth': 1, 'Neurodivergent': 1}
cluster_1	33	194	0.17204823112982956	SleepTracker: Record & Improve, BetterSleep: Sleep tracker, Atom: Sleep, Insomnia, CBT, Sleep Cycle: Sleep Tracker, Sleep Tracker: Sleep Cycle, Sleepiest: Bedtime Stories, Smart Sleep Coach by Pampers‚Ñ¢, Sleep Monitor: Sleep Tracker, SleepisolBio: sleep, alarm, RISE: Sleep Tracker, Insomnia Coach, Nightly: AI Sleep Sounds, Lo√≥na: Bedtime relax & Sleep, Pocket Kado: Sleep & Relax Pet, Calm Sleep Sounds & Tracker, Sleep Reset: CBT for Insomnia, Slumber: Fall Asleep, Insomnia, Sleep Tracker & Sleep Recorder, Sleep Routine: Tracker, Alarm, Sleep School: Insomnia Help, Sleep Tracker and Sleep Cycle, Sleep Restore, Doze - Sleep Sounds & Stories, DeepRest: Sleep Tracker, Sleep Tracker - Sleep Recorder, Pzizz - Sleep, Nap, Focus, Sleepwave: Alarm & Tracker, No Insomnia: CBT & Sleep Coach, sleep¬≤ sleeptracker & analysis, Stellar Sleep - Insomnia CBT, Avrora Sleep Sounds & Stories, Sleep Tracker - Sleep Cycle, Sleep Well Hypnosis Downloads	{'sleep': np.float64(0.6535854518741281), 'sounds': np.float64(0.09561228317511752), 'insomnia': np.float64(0.09432187219092289), 'wake': np.float64(0.07974859460671185), 'asleep': np.float64(0.07814561470467124), 'alarm': np.float64(0.06589115959038389), 'tracker': np.float64(0.061703325243425616), 'fall': np.float64(0.06084795612643908), 'night': np.float64(0.05611833708296763), 'stories': np.float64(0.052679780356748585)}	{'Soothing Audio': 20, 'Meditation': 10, 'Games': 2, 'Educational Content': 9, 'Assessment': 12, 'Other': 19, 'Talk Therapy / Coaching - Clinician': 1, 'Mood Tracking': 3, 'Talk Therapy / Coaching - AI/Digital': 3}	{'Sleep': 32, 'General': 5, 'Anxiety': 3, 'Trauma / PTSD': 1}	{'General': 32, 'Parents': 1, 'Veterans': 1}
cluster_29	12	206	0.16882475715060272	Panic Disorder Test, Panickly - Panic Attack Help, PanicShield - Panic Attack Aid, Panic Attack Help - Mind Ease, Anxiety Tracker - Mood Journal, Anxiety & Panic Relief: Calmer, Soolo - Panic Attack & Anxiety, Rootd - Anxiety & Panic Relief, Mindable: Panic & Agoraphobia, Don't panic, Dare: Anxiety & Panic Attacks, Stress relief and panic attack	{'panic': np.float64(0.5101967455374894), 'attacks': np.float64(0.24579565508771264), 'anxiety': np.float64(0.2024207881099352), 'relief': np.float64(0.0848585591241947), 'app': np.float64(0.0732835111500863), 'disorder': np.float64(0.07049374040499251), 'breathing': np.float64(0.06737551593170166), 'help': np.float64(0.058530734201410556), 'calmer': np.float64(0.05787907149244666), 'stress': np.float64(0.05577842615752295)}	{'Assessment': 4, 'Talk Therapy / Coaching - AI/Digital': 8, 'Mood Tracking': 3, 'Educational Content': 5, 'Other': 6, 'Meditation': 3, 'Journaling': 2, 'Vocalization/Breathwork': 2}	{'Panic Disorder': 3, 'Anxiety': 10, 'Depression & Mood Disorders': 3, 'Agoraphobia': 1, 'Self-Harm': 1, 'Panic Attacks': 1, 'General': 1}	{'General': 12}
cluster_4	22	228	0.15705327811861733	Beats & Breath, SOMA Breath: Guided Breathwork, Breathing Zone, One Deep Breath: Relax & Sleep, Pranayama : Breathing Exercise, Breathwork - Breather Coach, Awesome Breathing: Pacer Timer, RESPIRA: Breathing Exercises, Pranaria - Breathing exercise, forYou breath: breath to relax, Paced Breathing, Breath Ball Stress Relieve, Rhythmic Breathing. Meditation, Othership: Guided Breathwork, Prana Breath: Calm & Meditate, Better Breathe, Breathe ‚Ä¢ Calm down ‚Ä¢ Meditate, Breathwrk: Breathing Exercises, Open Breathwork Freely Breathe, Breathe: relax & focus, The Breathing App: Resonance, Breathing Exercises(Pranayama)	{'breathing': np.float64(0.44550226420663175), 'breath': np.float64(0.2787586712385345), 'breathwork': np.float64(0.16703423402939166), 'breathe': np.float64(0.0900295353388258), 'exercises': np.float64(0.08670691712419892), 'pranayama': np.float64(0.0863231027127446), 'stress': np.float64(0.06890781509363969), 'app': np.float64(0.06309693206229844), 'anxiety': np.float64(0.058218306619326705), 'exercise': np.float64(0.056524584499456944)}	{'Vocalization/Breathwork': 22, 'Soothing Audio': 2, 'Meditation': 11, 'Other': 11, 'Assessment': 1}	{'Anxiety': 15, 'Sleep': 7, 'General': 12, 'Stress': 2, 'Depression & Mood Disorders': 1}	{'General': 22, 'Youth': 1}
cluster_38	17	245	0.15623637842191002	PTSD Test, PTSD Coach Explorer, Bust PTSD, PTSD Coach Explorer 2, Stay Quit Coach, PTSD Help, PTSD Keys, Beyond MST, PE Coach 2, PTSD Family Coach, PTSD Coach Canada, PTSD Coach, CPT Coach, PTSD, ◊î◊û◊ì◊®◊ô◊ö¬†◊ú-PTSD, PTSD INFO, Veterans Wellness Path	{'ptsd': np.float64(0.5508925280845849), 'coach': np.float64(0.18155493947871912), 'trauma': np.float64(0.1231372162623215), 'app': np.float64(0.10783511153015082), 'center': np.float64(0.08460229827226445), 'information': np.float64(0.07569013151887143), 'symptoms': np.float64(0.06817780096087085), 'traumatic': np.float64(0.06803273918942486), 'stress': np.float64(0.06466491586408059), 'disorder': np.float64(0.06275839725135839)}	{'Assessment': 8, 'Other': 12, 'Talk Therapy / Coaching - AI/Digital': 1, 'Talk Therapy / Coaching - Clinician': 6, 'Educational Content': 7, 'Soothing Audio': 1, 'Meditation': 1, 'Vocalization/Breathwork': 1, 'Games': 1}	{'Trauma / PTSD': 15, 'Anxiety': 1, 'Depression & Mood Disorders': 1, 'General': 4, 'Substance Use': 1, 'PTSD': 1}	{'General': 11, 'Veterans': 7}
cluster_32	12	257	0.1529501949370207	oVRcome, Overcome Your Fears, Fear of Spiders Therapy, Overcoming Fears, EmetoHero - Exposure Therapy, Rejecto: Rejection Missions, ZeroPhobia - Fear of Flying, ZeroPhobia - Fear of Heights, Phobia Treatments - Guide, Clear Fear, ZeroPhobia - Fear of Spiders, Overcome your fears	{'fear': np.float64(0.4919351962061761), 'fears': np.float64(0.2289923070775556), 'exposure': np.float64(0.11724123742087093), 'therapy': np.float64(0.0936991922072754), 'overcome': np.float64(0.06094658759583946), 'treatment': np.float64(0.053094230990089884), 'life': np.float64(0.050018210605869966), 'step': np.float64(0.04983811541901862), 'virtual': np.float64(0.04964461440859605), 'safe': np.float64(0.04931406866700651)}	{'Talk Therapy / Coaching - AI/Digital': 6, 'Educational Content': 6, 'Other': 6, 'Assessment': 1, 'Games': 1, 'Talk Therapy / Coaching - Clinician': 1}	{'Phobias': 9, 'Anxiety': 5}	{'General': 11, 'Youth': 1}
cluster_48	8	265	0.14971419916485249	Pulsebit: Heart Rate Monitor, Welltory: Heart Rate Monitor, Monitor Heart, Stress & Breath, Oura, Heart Rate Monitor - HeartIn, Elite HRV: Wellness & Fitness, Optimal HRV, MindBreath- Breathing & HRV	{'hrv': np.float64(0.3901047104501268), 'heart': np.float64(0.312675609374055), 'rate': np.float64(0.23089784938896524), 'stress': np.float64(0.1425015390234057), 'blood': np.float64(0.10799366067835174), 'health': np.float64(0.10385313165838139), 'breathing': np.float64(0.09570161231820018), 'monitor': np.float64(0.0956360512684438), 'pressure': np.float64(0.07912488653213076), 'watch': np.float64(0.07423003877836847)}	{'Assessment': 4, 'Mood Tracking': 3, 'Vocalization/Breathwork': 2, 'Other': 5, 'Meditation': 1}	{'Anxiety': 4, 'General': 4, 'Stress': 1}	{'General': 8}
cluster_31	11	276	0.14537279967019948	Bipolar Test+, Test for Autism - Fast Check, Dr.Mind: Mental Health Tests, Mental Health Test, Schizophrenia Test (Psychosis), Autism Evaluation Checklist, Autism Test (Adult), Psychological Assessment Test, Bipolar Test, Mental Health Tests, Psychiatric Test	{'test': np.float64(0.5202213107902668), 'disorder': np.float64(0.262464667280072), 'bipolar': np.float64(0.15904126567701934), 'mental': np.float64(0.08764051846478549), 'assessment': np.float64(0.08079402965497688), 'children': np.float64(0.0739142028888169), 'diagnosis': np.float64(0.07353843759507726), 'health': np.float64(0.06769833081637433), 'application': np.float64(0.0592700810682463), 'tests': np.float64(0.05239832133385089)}	{'Assessment': 11, 'Other': 5, 'Educational Content': 3}	{'Bipolar Disorder': 2, 'ADHD / ADD': 1, 'General': 8, 'Schizophrenia': 1}	{'General': 9, 'Children': 2, 'Parents': 1}
cluster_34	17	293	0.1439133895830227	ADHD Sounds: Focus & Sleep, Sleep Sounds - Relax Music, Sleep Way ‚Äì dream, white noise, Serene: Get Calm, Sleep Better, Sleep Jar - Sounds and Stories, Sleep Sounds, Sleep sounds offline, Noise Machine - Green, White, Ambiance by Fabulous, Sleep & Sounds - Relax Music, Sleep Sounds & White Noise, Healing Sounds & Sound Therapy, Atmosphere: Relaxing Sounds, Relaxing Night Nature Sounds, Hypnosis Relax & Meditation, Sleep Sounds - relaxing sounds, myNoise | Focus. Relax. Sleep.	{'sounds': np.float64(0.48919003482590684), 'sleep': np.float64(0.29417603861469593), 'noise': np.float64(0.18373690775376503), 'sound': np.float64(0.15002573397444532), 'rain': np.float64(0.13674859754024546), 'white': np.float64(0.1015008928290547), 'meditation': np.float64(0.09960974129604346), 'soothing': np.float64(0.09615992494535566), 'nature': np.float64(0.09551959360783947), 'relaxation': np.float64(0.07969322725770611)}	{'Soothing Audio': 17, 'Other': 4, 'Meditation': 10}	{'ADHD / ADD': 1, 'Sleep': 13, 'Anxiety': 7, 'General': 2, 'Stress': 1}	{'Neurodivergent': 1, 'General': 16}
cluster_19	21	314	0.14360261101848978	Discover Personality, TestHub: IQ, Mind, Personality, 40+ Psychological Tests, Psychological personality test, Psychology Master, Personality & Psychology Tests, Personality Disorders Test, Psychotests, personality tests, Discover Yourself: Serene, Narcissistic Personality, Personality Test with Images, Psychological tests., Psychology Tests, PersonaAI - Personality Test, Know Yourself Personality Test, Narcissistic Personality Test, Personality Disorders Test, Mindberg: Jungian Psychology, Narcissistic Personality, PsyTests, Personality & Psychology Tests	{'personality': np.float64(0.4459134628115682), 'tests': np.float64(0.26508806729995416), 'test': np.float64(0.1831286056050691), 'traits': np.float64(0.12097297861434217), 'psychology': np.float64(0.11739056603231739), 'psychological': np.float64(0.11303058359302744), 'self': np.float64(0.08599905531147367), 'insights': np.float64(0.061370290985934724), 'disorders': np.float64(0.052002472602170474), 'assessment': np.float64(0.048899169927296184)}	{'Assessment': 19, 'Educational Content': 16, 'Other': 9, 'Journaling': 1}	{'General': 20, 'Personality Disorders': 2, 'Anxiety': 1, 'Depression & Mood Disorders': 1}	{'General': 21}
cluster_20	26	340	0.13120538172065688	Executive Function Magazine, Understood: Support ADHD Kids, Univi: ADHD Management & Focus, Clarify: ADHD Organizer & help, ADHD Test: Science based & fun, RoutineFlow: Routine for ADHD, ADHD Lifehacks For Adults, ADHD Planner AI Task: Splitti, OrganizeMe: ADHD BulletJournal, Magic Task: ADHD AI to do list, Adult ADHD Test, Yoodoo: ADHD Daily Planner, My ADHD, Focus Quest: Pomodoro adhd app, Llama Life ADHD Routine & Task, ADHD in Adults, ADHD Test, Inflow ADHD, Shimmer: ADHD Coaching, ADHD Easy-Do your ADHD Planner, ModernSam: LVL up your life, FocusGenie, ADHD Reminder, dubbii: the body doubling app, Brili Routines ‚Äì Habit Tracker, EndeavorOTC¬Æ: Outplay ADHD	{'adhd': np.float64(0.4868292009562521), 'tasks': np.float64(0.12113467473263834), 'task': np.float64(0.10690958889073941), 'focus': np.float64(0.07788809982761426), 'productivity': np.float64(0.0728439686840933), 'add': np.float64(0.07244370389862043), 'routines': np.float64(0.06143742108100015), 'timer': np.float64(0.05934965079732989), 'time': np.float64(0.05594407021865981), 'attention': np.float64(0.054746585285520254)}	{'Educational Content': 6, 'Talk Therapy / Coaching - Clinician': 2, 'Assessment': 9, 'Talk Therapy / Coaching - AI/Digital': 6, 'Other': 14, 'Journaling': 1, 'Games': 5, 'Mood Tracking': 1, 'Meditation': 1, 'Affirmations/Inspiration': 1}	{'ADHD / ADD': 24, 'Anxiety': 2, 'General': 6}	{'Neurodivergent': 17, 'Parents': 1, 'General': 7, 'Adults': 1, 'Youth': 3}
cluster_15	19	359	0.12958244016739529	Sober, Sober Sidekick: Quit Addiction, Sobriety Tracker - Sober Days, Clean Time App, My Spiritual Toolkit AA Steps, Loosid: Sober Recovery Network, Calm Urge: Self Harm Tracker, TLC: Sobriety Support, AA Sponsor: AI Sobriety, SoberBuddy: Sober Tracker, Sober Day Counter - Sunflower, I Am Sober, Sober Time - Sober Day Counter, Quitzilla: Quit Habit Tracker, Quitvana - Quit Addiction, Sober Today, Sober: Sobriety Habit Tracker, Sober Up - Addiction Tracker, Sober Tracker: Quit Alcohol	{'sober': np.float64(0.40056664022164046), 'sobriety': np.float64(0.3018164109045027), 'addiction': np.float64(0.1315520985684619), 'quit': np.float64(0.11780398514003637), 'alcohol': np.float64(0.11228789904538827), 'tracker': np.float64(0.10016861969405941), 'recovery': np.float64(0.09472500991340524), 'counter': np.float64(0.09016154041557856), 'days': np.float64(0.08082086722574185), 'clean': np.float64(0.07386130533978799)}	{'Talk Therapy / Coaching - AI/Digital': 3, 'Other': 15, 'Talk Therapy / Coaching - Peer': 5, 'Assessment': 8, 'Educational Content': 1, 'Mood Tracking': 2, 'Journaling': 1}	{'Substance Use': 17, 'Self-Harm': 2, 'General': 4}	{'General': 19}
cluster_3	14	373	0.12665542944105598	Try Dry: Dry January¬Æ & beyond, Reframe: Cut Back on Alcohol, Sunnyside: Drink Less Alcohol, Daybreak - Alcohol Support, DrinkControl - Alcohol Tracker, Pelago, Harm Reduction for Alcohol, Sober: Quit Drinking Hypnosis, UM: Easily Drink Less Alcohol, Dry Days by AlcoChange, Sobriety Counter -EasyQuit pro, VetChange, DWA: Sobriety counter, Sobriety Counter - EasyQuit	{'drinking': np.float64(0.3691530412331935), 'alcohol': np.float64(0.36089261713846044), 'drink': np.float64(0.12947010390718466), 'substance': np.float64(0.08511471609057555), 'quit': np.float64(0.08428129779285477), 'days': np.float64(0.07982540116808029), 'sobriety': np.float64(0.07842743118828285), 'money': np.float64(0.07591881703235838), 'use': np.float64(0.0729778428315385), 'sober': np.float64(0.07048084943387746)}	{'Assessment': 5, 'Other': 12, 'Talk Therapy / Coaching - AI/Digital': 5, 'Talk Therapy / Coaching - Peer': 1, 'Educational Content': 2, 'Mood Tracking': 3, 'Talk Therapy / Coaching - Clinician': 1}	{'Substance Use': 14, 'General': 7}	{'General': 13, 'Veterans': 2}
cluster_30	12	385	0.11857936450710961	Pregnancy After Loss App, Nara - Baby & Mom Tracker, Motherocity Postpartum Tracker, LEIA Health: for new mothers, Carea: Pregnancy Tracker, Connect by PSI, Prenatal & Postpartum Workout, Regence Pregnancy Program, HiMommy: Ovulation & Pregnancy, Postpartum, Pregnancy Tracker & Baby App, Humm Care	{'pregnancy': np.float64(0.377141875799403), 'postpartum': np.float64(0.31668853280433357), 'baby': np.float64(0.24384701341326442), 'support': np.float64(0.09205951046509143), 'women': np.float64(0.08370207535083994), 'health': np.float64(0.082765629142481), 'parents': np.float64(0.07177268507214045), 'care': np.float64(0.06747981720390193), 'loss': np.float64(0.06042460250504102), 'recovery': np.float64(0.05758276467149885)}	{'Educational Content': 9, 'Journaling': 2, 'Other': 10, 'Assessment': 2, 'Talk Therapy / Coaching - Peer': 2, 'Games': 1, 'Talk Therapy / Coaching - AI/Digital': 1}	{'Grief': 1, 'General': 11, 'Depression & Mood Disorders': 1}	{'Pregnant Women / Mothers': 12, 'Parents': 2, 'Women': 1, 'General': 1}
cluster_13	13	398	0.11395973418540056	Integrate BPD, Impulse DBT, DBT for Life, Borderline Personality Test, BPD Insight and Awareness App, Skills System, DBT Central, Borderline Personality Tracker, DBT Travel Guide, Skills ‚Äì Games to cope with st, Jones Mindful Living DBT, DBT Coach : Guided Therapy, Dbt911	{'dbt': np.float64(0.3693220572162376), 'bpd': np.float64(0.24953792111013184), 'skills': np.float64(0.24560410794714446), 'borderline': np.float64(0.15355694780217297), 'personality': np.float64(0.12163559478812049), 'disorder': np.float64(0.09648487386316351), 'general': np.float64(0.06317004910620892), 'therapy': np.float64(0.057827021038235366), 'content': np.float64(0.04430708734405638), 'crisis': np.float64(0.044164278215860525)}	{'Talk Therapy / Coaching - AI/Digital': 2, 'Educational Content': 7, 'Other': 9, 'Assessment': 3, 'Talk Therapy / Coaching - Clinician': 4, 'Mood Tracking': 1, 'Games': 1}	{'Borderline Personality Disorder': 6, 'General': 6, 'Anxiety': 1, 'Depression & Mood Disorders': 1, 'Bipolar Disorder': 2, 'PTSD': 2, 'Eating Disorders': 1, 'Substance Use': 1, 'Trauma / PTSD': 1}	{'General': 13}
cluster_45	15	413	0.11234937866118154	Mindshift Recovery, Connections: Recovery Support, Birth Recovery Center, NewForm: Recovery & Wellbeing, OpenRecovery: Addiction Help, Sober Peer, Confidant Health, Rehabit: brain recovery habits, Addiction Recovery Devotionals, BounceBack: Injury Recovery, SMART Recovery, Exodus Recovery, Recovery Path - Addiction Help, Injury Recovery Tracker, Affect: Addiction Recovery	{'recovery': np.float64(0.5114771827617619), 'addiction': np.float64(0.1126703249425019), 'substance': np.float64(0.07716696569708004), 'support': np.float64(0.07312861860287184), 'peer': np.float64(0.06412306281966745), 'sober': np.float64(0.059552765297233974), 'treatment': np.float64(0.0582199703593139), 'step': np.float64(0.05670513109046562), 'anonymous': np.float64(0.05260984733353704), 'use': np.float64(0.052208241250365925)}	{'Talk Therapy / Coaching - AI/Digital': 3, 'Educational Content': 7, 'Talk Therapy / Coaching - Peer': 4, 'Other': 9, 'Talk Therapy / Coaching - Clinician': 4, 'Assessment': 2, 'Journaling': 1, 'Affirmations/Inspiration': 1}	{'Substance Use': 11, 'General': 10}	{'General': 13, 'Pregnant Women / Mothers': 1, 'Couples': 1, 'Seniors': 1, 'Veterans': 1}
cluster_7	24	437	0.10180592248943811	Sana AI: Online Therapist, Online Therapy AI Psychologist, Tell AI : AI Therapist, AI Therapist & Therapy: Alya, Rosebud: AI Journal & Diary, Athena AI Life AdvisorGPT, Youper: AI Therapy, Ash - AI Therapy, Therapist AI, AI Psychotherapy, Ai Therapist, AI Therapist - Voice Chat, Personality Test: Toxic Report, OhSofia: AI Therapy Chat, Super Planner: ADHD Routine AI, MOOD.ai, Mentat Ai - Your Mental Health, Replika: My AI Friend, Sintelly: CBT Therapy Chatbot, Soula: Female Well-being, Onsen ‚Äì AI for Mental Health, AI Anxiety Virtual Pet BFF Emy, Althena (AI Therapist), Noah: Your AI Therapist	{'ai': np.float64(0.4263725620625719), 'therapist': np.float64(0.15932550333578374), 'mental': np.float64(0.11912309283414134), 'therapy': np.float64(0.11550941234496477), 'emotional': np.float64(0.1023507220591475), 'support': np.float64(0.10198236698375042), 'health': np.float64(0.08855728490145948), 'anxiety': np.float64(0.07973167448918876), 'mood': np.float64(0.0777542797991152), 'chat': np.float64(0.0772206186568402)}	{'Talk Therapy / Coaching - AI/Digital': 22, 'Assessment': 9, 'Mood Tracking': 6, 'Educational Content': 4, 'Meditation': 3, 'Other': 13, 'Journaling': 2, 'Soothing Audio': 1, 'Games': 1}	{'Anxiety': 17, 'Depression & Mood Disorders': 10, 'General': 15, 'ADHD / ADD': 2, 'Trauma / PTSD': 1}	{'General': 23, 'Neurodivergent': 1, 'Women': 1}
cluster_2	7	444	0.0857194951248738	charisme: Social Anxiety Coach, Anxiety Test, FearTools - Anxiety Aid, FACING IT: Social Anxiety, Social Anxiety Test, Hatchr: Social Anxiety Coach, SocialEase - Social Anxiety	{'social': np.float64(0.38992787376027466), 'anxiety': np.float64(0.30748868762337206), 'test': np.float64(0.13226275138857144), 'exposure': np.float64(0.10847468130322094), 'confidence': np.float64(0.08527562807177154), 'disorder': np.float64(0.0849115749389889), 'therapy': np.float64(0.08395856303320567), 'treatment': np.float64(0.07719808545795238), 'application': np.float64(0.06870511902645085), 'overcome': np.float64(0.06528251865004292)}	{'Talk Therapy / Coaching - AI/Digital': 4, 'Educational Content': 3, 'Assessment': 3, 'Mood Tracking': 1, 'Journaling': 1, 'Soothing Audio': 1, 'Other': 2}	{'Anxiety': 7, 'General': 3, 'Phobias': 1}	{'General': 6, 'Youth': 2}
cluster_37	17	461	0.0838029981774113	Hiwell Therapy & Mental Health, Teen Counseling, Psy interactive (therapist), Psic√≥logos en l√≠nea - Terapify, Therapist by Terappin, Telehealth by SimplePractice, CareMe Health - Mental Health, 7 Cups: Online Therapy & Chat, Talkspace Therapy & Counseling, ReGain - Couples Therapy, Client Video - Online Therapy, therapini - affordable therapy, BetterHelp - Therapy, Cerebral - Mental Health, Online therapy, emotional help, Therapyside - Online therapy, MindPeers: Online Therapy	{'therapy': np.float64(0.26131501926929973), 'therapist': np.float64(0.24893149023600558), 'online': np.float64(0.15940906959511372), 'licensed': np.float64(0.14436486080238814), 'therapists': np.float64(0.12508616078290727), 'video': np.float64(0.11204451963518601), 'health': np.float64(0.08962338115050833), 'mental': np.float64(0.07868185749906974), 'counseling': np.float64(0.0763693866077351), 'secure': np.float64(0.0755233480966953)}	{'Talk Therapy / Coaching - Clinician': 16, 'Other': 10, 'Assessment': 7, 'Educational Content': 1, 'Mood Tracking': 1, 'Talk Therapy / Coaching - Peer': 1, 'Talk Therapy / Coaching - AI/Digital': 1}	{'Anxiety': 9, 'Depression & Mood Disorders': 9, 'General': 9, 'Relationship Difficulties': 6, 'Sleep': 1}	{'General': 15, 'Youth': 2, 'Couples': 1}
cluster_10	26	487	0.08167055951619054	I am - Daily affirmations, ReliefMix Affirmations & Sound, Self Improvement: Wellbeing, Motivation - Daily quotes, Zori Affirmations & Self Love, Gratitude: Self-Care Journal, Breathe to Relax: Affirmations, Self-Esteem and Confidence, Goddess: Self Care, Wellbeing, ADHD Daily Affirmations App, Daily affirmations mirror, Emotions Diary and Mindfulness, MySoul Motivation Daily Quotes, self esteem - self confidence, My Sleep Affirmations, How to Build Self Esteem, Power Boost Mindset & Mood, Daily Gratitude Journal: Spark, Daily Affirmations„ÉªPositive Me, Daily Affirmations: Motivation, Success Mindset - Motivation, I am: Positive Affirmations, SELF: Self-Care and Self-Love, Motivational Quotes - Daily, Positive Affirmations - Uplift, ThinkUp - Daily Affirmations	{'affirmations': np.float64(0.39237958940414525), 'self': np.float64(0.21682165892479355), 'positive': np.float64(0.14839319666216788), 'daily': np.float64(0.1309502927217926), 'quotes': np.float64(0.10715312926186395), 'motivation': np.float64(0.10607929865044945), 'love': np.float64(0.09266949233396259), 'esteem': np.float64(0.08292182807154781), 'mindset': np.float64(0.08121776961002286), 'inspiration': np.float64(0.06713841349581115)}	{'Affirmations/Inspiration': 23, 'Soothing Audio': 3, 'Educational Content': 8, 'Other': 11, 'Journaling': 3, 'Vocalization/Breathwork': 1, 'Meditation': 1, 'Assessment': 1}	{'General': 25, 'ADHD / ADD': 1, 'Sleep': 1}	{'General': 25, 'Women': 2, 'Youth': 1}
cluster_43	20	507	0.07566651911095143	CBT Tools for Healthy Living, Cognitive Behavioral Therapy, MindShift CBT - Anxiety Relief, What's Up? - Mental Health App, Cognitive Behavioral Therapy -, WorryTree: Anxiety CBT Therapy, CBT Thought Diary: Depression, Jealousy CBT Tools Self-Help, CBT-i Coach, CBT Anxiety & Wellness Journal, CopingCard CBT Mental Health, Thrive: sa√∫de mental digital, FreeCBT, MindHealth: CBT Mental Health, TELUS Health CBT, –ê–Ω—Ç–∏-–¥–µ–ø—Ä–µ—Å—Å–∏—è: –ø—Å–∏—Ö–æ–ª–æ–≥, CBT Diary App, Marbles CBT, Quieting Anxiety: CBT Tools, CBT Guide to Depression & Test	{'cbt': np.float64(0.3152245522336634), 'cognitive': np.float64(0.18431032282491522), 'therapy': np.float64(0.14847940252139882), 'behavioral': np.float64(0.13116733956058982), 'depression': np.float64(0.12235227667572054), 'thoughts': np.float64(0.10663872774174317), 'anxiety': np.float64(0.10626644367746661), 'diary': np.float64(0.08691944887610277), 'mood': np.float64(0.08655313885411085), 'disorders': np.float64(0.0685047915490369)}	{'Educational Content': 13, 'Assessment': 14, 'Other': 9, 'Talk Therapy / Coaching - AI/Digital': 8, 'Mood Tracking': 4, 'Journaling': 4, 'Talk Therapy / Coaching - Clinician': 3}	{'Anxiety': 14, 'Depression & Mood Disorders': 13, 'General': 5, 'Relationship Difficulties': 1, 'Sleep': 1, 'ADHD / ADD': 1, 'Eating Disorders': 1, 'Substance Use': 1, 'Personality Disorders': 1}	{'General': 19}
cluster_16	13	520	0.06967373729030062	Mind is Medicine: Self Healing, The Healing Mind, Reiki Chakra Healing, 7 Chakras Balancing / Activate, Whole Life Freedom, Chakra Healing - Tibetan Bowls, Chakra Healing: Balance Energy, Healing Frequencies & Sounds, Star Magic Healing, The Chakras and Mantras, Chakra Healing & Meditation, Mantra: Chakra Healing Sounds, Transcender - Heal yourself	{'healing': np.float64(0.33545371607897095), 'chakra': np.float64(0.27871000549613795), 'chakras': np.float64(0.16426550612474544), 'meditation': np.float64(0.14402216901826384), 'energy': np.float64(0.11765466178986025), 'spiritual': np.float64(0.11246384416294197), 'music': np.float64(0.09698432521206106), 'yoga': np.float64(0.08249938458758936), 'frequencies': np.float64(0.08203039287013893), 'body': np.float64(0.07697904595481343)}	{'Educational Content': 4, 'Meditation': 10, 'Soothing Audio': 7, 'Other': 8, 'Games': 1, 'Vocalization/Breathwork': 1}	{'General': 10, 'Anxiety': 5, 'Stress': 1, 'Sleep': 1, 'Depression & Mood Disorders': 1}	{'General': 13, 'Religious': 1}
cluster_39	10	530	0.06753317090050373	Trident Mindset, Mindset: Daily Motivation App, PepTalk: Daily Motivation App, MINDMOD: Hypnosis & Meditation, Mindvalley: Self Improvement, MINDTRX: Self Help & Mindset, MINDSET by DIVE Studios, Primed Mind: Mindset Coaching, Activations: Daily Motivation, GrowthDay: Motivation Mindset	{'mindset': np.float64(0.35481090038250307), 'self': np.float64(0.17102681718102591), 'motivation': np.float64(0.1253497450734815), 'audios': np.float64(0.10469897600308013), 'daily': np.float64(0.0976788457782384), 'growth': np.float64(0.0827417799177512), 'mind': np.float64(0.08093552886928315), 'personal': np.float64(0.07888030684705842), 'subscription': np.float64(0.07723014894460749), 'transformation': np.float64(0.07683678860030495)}	{'Educational Content': 7, 'Other': 7, 'Affirmations/Inspiration': 1, 'Talk Therapy / Coaching - AI/Digital': 1, 'Meditation': 4, 'Journaling': 2}	{'General': 10, 'Anxiety': 1}	{'General': 10}
cluster_49	17	547	0.06095222724947053	Mental disorders, Dictionary of Emotions, Mytherapist.ng Easy Therapy, ÿßŸÑÿ£ŸÖÿ±ÿßÿ∂ ÿßŸÑŸÜŸÅÿ≥Ÿäÿ© ŸàÿßŸÑÿπŸÇŸÑŸäÿ©, WHO Mental Health At Work, Dr.Listen: Mental health Tests, Mental disorders & Treatments, Psychiatry, Calm Health, Mental Health Check Up, WhiteFlag: Mental Health Help, Psyche: Mental Health, Circle Medical - See a Doctor, Self Therapy: Mental Tests, MindDoc: Mental Health Support, PsyQuilibre, The Safe Place	{'mental': np.float64(0.36486633842481403), 'health': np.float64(0.26919383712162426), 'disorders': np.float64(0.08315384198542998), 'treatment': np.float64(0.08303057559657888), 'tests': np.float64(0.07435127628245211), 'assessment': np.float64(0.060821970209715304), 'general': np.float64(0.06044097375640319), 'app': np.float64(0.058328220146016775), 'depression': np.float64(0.05599123213587819), 'self': np.float64(0.05471305518233262)}	{'Educational Content': 11, 'Talk Therapy / Coaching - Clinician': 4, 'Journaling': 3, 'Assessment': 8, 'Other': 10, 'Talk Therapy / Coaching - Peer': 1}	{'General': 15, 'Anxiety': 3, 'Depression & Mood Disorders': 4, 'Substance Use': 1, 'Grief': 1, 'Eating Disorders': 1}	{'General': 16, 'Ethnic Minority': 1}
cluster_5	22	569	0.05922142011335813	Three Good Things - Gratitude, Gratitude Garden: Journal, 365 Gratitude Journal, 5 Minute Journal„ÉªSelf-care, Mirror: Mental Health Journal, Prompted Journal - Shadow Work, Christian Journal -Bible& More, Delightful: Gratitude Journal, Day One Journal: Private Diary, Journey: Diary, Journal, PsychonautWiki Journal, Custom Bullet Journal, Prompts, Bullet - Journal, Planner, Voidpet Garden: Mental Health, Reflectly: Mood Tracker Diary, Journal & Therapist Reflectary, stoic journal & mental health, Jot Journal, Unstuck: CBT Therapy Journal, Reflection: AI Journal Prompts, Gratitude & Self-Care Journal, Life Organizer - Journal it!	{'journal': np.float64(0.3909143623203518), 'journaling': np.float64(0.17697247972297186), 'gratitude': np.float64(0.17445611633671818), 'entries': np.float64(0.12274359244675602), 'prompts': np.float64(0.09572393446385274), 'self': np.float64(0.08436032212684928), 'daily': np.float64(0.08415919561434577), 'diary': np.float64(0.066117292774012), 'bullet': np.float64(0.06595727967695246), 'mood': np.float64(0.0641744176440145)}	{'Journaling': 21, 'Educational Content': 8, 'Other': 10, 'Affirmations/Inspiration': 5, 'Mood Tracking': 4, 'Soothing Audio': 1, 'Talk Therapy / Coaching - AI/Digital': 3, 'Meditation': 1}	{'General': 19, 'Anxiety': 4, 'Depression & Mood Disorders': 3, 'Trauma / PTSD': 1, 'OCD': 1, 'ADHD / ADD': 1, 'Borderline Personality Disorder': 1}	{'General': 21, 'Religious': 1}
cluster_18	29	598	0.057625663162774836	Hypnosis Downloads, HypnoCloud: Hypnosis, Hypnosia - Auto-Hypnose, Healing ‚Äì Self Love Hypnosis, Relax & Sleep Well Hypnosis, HypnoBox: Self Hypnosis, Sleep, Meditate & Sleep Hypnosis: MT, OpenSynaps AI: Hypnosis & psy, Clear Minds: Meditation, Relax, hypnu‚Ñ¢: Sleep & Relax Hypnosis, Total Confidence & Self Esteem, Miracle Hypnosis Online, Enchant: Powerful Affirmations, Self Hypnosis, Oneleaf Hypnosis, Affirmations, Hypnosis guide, Anxiety Relief Hypnotherapy, Hypnosis for Weight Loss, Harmony - Self Hypnosis, Hypnose ‚Äî D√©tente, Kure: Healing Hypnosis, Hypnosis With Joseph Clough, Grace: Hypnosis & Meditation, Hypnosis Guide to Hypnotize, Ultimate Hypnosis, Meditation, Her Hypnosis: Menopause Relief, Doddle Hypnosis & Meditation, Social Anxiety Hypnotherapy, Subconsciously: Daily Hypnosis	{'hypnosis': np.float64(0.48964760019565506), 'sessions': np.float64(0.11858083702795269), 'self': np.float64(0.09913940479302023), 'hypnotherapy': np.float64(0.08919129042641077), 'sleep': np.float64(0.0865106283257735), 'meditation': np.float64(0.07380680132523443), 'anxiety': np.float64(0.0714964658896768), 'confidence': np.float64(0.06789350898896304), 'weight': np.float64(0.0649341840581288), 'mind': np.float64(0.055221693118624286)}	{'Other': 19, 'Meditation': 13, 'Soothing Audio': 6, 'Talk Therapy / Coaching - AI/Digital': 8, 'Journaling': 1, 'Educational Content': 5, 'Affirmations/Inspiration': 2}	{'General': 18, 'Anxiety': 12, 'Sleep': 5, 'Depression & Mood Disorders': 2, 'Self-Harm': 1, 'Eating Disorders': 2}	{'General': 28, 'Women': 1, 'Pregnant Women / Mothers': 1}
cluster_8	47	645	0.0536288182534514	Mind Tracker, Mood - Your Wellness Coach, Bipolarit√© France Mood Tracker, MoodJourney: Emotions Tracker, Bipolar UK Mood Tracker, FABU Self Care Emotion Tracker, Thera: Diary and mood tracker, Daylio Journal - Mood Tracker, Daily Journal Mood Tracker, Moodi: emotions & mood tracker, Mood & Habit Tracker Journal, Mood Diary and Stress Journal, Mood Meter: Mood Log & Journal, Mood Tracker by Pixels, Moodpress - Mood Diary Tracker, Mood Tracker: Self-Care Habits, MindDiary: Mood Tracker, DailyBean: Simplest Journal, Move Mood, Blissful Journal, Mood Tracker, Bipolar Balance, Finch: Self-Care Pet, Mood Bloom‚Ñ¢ - Therapeutic Game, MoodMe: Relationship Mood App, Daywell - Self Care Routine, eMoods Bipolar Mood Tracker, Emolog - Diary & Mood Tracker, Mood Enhancer, Haema Diary: My memory storage, Moodlight - Daily Mood Tracker, Soulsync - Mood Tracker, Mood Log, Mood Chonk: Self-Care Journal, Mood Patterns, Habit Tracker - HabitGenius, Moodee: To-dos for your mood, Pixy Mood Tracker, MOODA, MoodWise - Simple Mood Tracker, Mood Tracker - Diary, Journal, Moodistory - Mood Tracker, Bipolar Mood Tracker, Moodflow: Mood Tracker, JOURNAL, Personal Diary, Mood Trend ~bipolar disorder~, Mood Tracker Daily Journal CBT, Emotionary: Your emotion guide	{'mood': np.float64(0.39402963714452405), 'tracker': np.float64(0.1226769618455283), 'tracking': np.float64(0.09537279967116749), 'journal': np.float64(0.08637880490152876), 'diary': np.float64(0.08607157149911333), 'emotional': np.float64(0.08100842166921465), 'bipolar': np.float64(0.0737881516005128), 'emotions': np.float64(0.07248821321723742), 'mental': np.float64(0.06280104631838189), 'moods': np.float64(0.06246500437989224)}	{'Mood Tracking': 40, 'Journaling': 29, 'Assessment': 5, 'Talk Therapy / Coaching - AI/Digital': 1, 'Other': 22, 'Affirmations/Inspiration': 2, 'Educational Content': 2, 'Games': 3, 'Talk Therapy / Coaching - Peer': 1, 'Meditation': 1}	{'General': 32, 'Bipolar Disorder': 6, 'Anxiety': 10, 'Depression & Mood Disorders': 11, 'Relationship Difficulties': 1}	{'General': 45, 'Couples': 1}
cluster_24	10	655	0.049918275007336047	iChill, Mind Reset - Just 2 min a day!, STAIR Coach, Trauma Center Community, Self Help for Trauma, Trauma Healing Academy, TraumaMAMAs, Trauma Brace, TIPS Trauma-Informed Practice, SomaShare - Deep Healing	{'trauma': np.float64(0.46459213427457985), 'ptsd': np.float64(0.12526234657050633), 'reset': np.float64(0.06904979040843258), 'community': np.float64(0.06328498457520139), 'informed': np.float64(0.06327911605303328), 'healing': np.float64(0.06237510673312435), 'practices': np.float64(0.06109087214666267), 'help': np.float64(0.06052408439104645), 'symptoms': np.float64(0.060088667065140364), 'nervous': np.float64(0.05968853542214338)}	{'Educational Content': 8, 'Other': 4, 'Meditation': 2, 'Soothing Audio': 1, 'Talk Therapy / Coaching - AI/Digital': 2, 'Assessment': 2, 'Talk Therapy / Coaching - Peer': 2}	{'Anxiety': 3, 'General': 3, 'Depression & Mood Disorders': 1, 'Trauma / PTSD': 9}	{'General': 10, 'Youth': 1, 'LGBTQ+': 1, 'Ethnic Minority': 1, 'Women': 1}
cluster_36	15	670	0.04978553644333607	Depression Test, MoodTools - Depression Aid, Depression Test, Stop Anxiety, Cingulo: Healing and Growth, Room of Depression, Flow - Depression treatment, Depression Quotes and Sayings, Depression Test, Depression Test, Depression Cognitive Research, Anxiety Test, Moodivate, Stress Test, Psicologia de la Depresi√≥n	{'depression': np.float64(0.4126300972925113), 'test': np.float64(0.18679528992201716), 'anxiety': np.float64(0.08790204544489151), 'psychology': np.float64(0.07798433160705456), 'disorders': np.float64(0.062085968858899096), 'treatment': np.float64(0.06001650143408027), 'mental': np.float64(0.0584652499706114), 'app': np.float64(0.05844144600792749), 'stop': np.float64(0.05681302627503855), 'clinical': np.float64(0.056158400710619755)}	{'Assessment': 10, 'Other': 12, 'Educational Content': 6, 'Journaling': 1, 'Games': 1, 'Affirmations/Inspiration': 1, 'Talk Therapy / Coaching - AI/Digital': 1}	{'Depression & Mood Disorders': 9, 'General': 4, 'Anxiety': 4, 'Depression': 2}	{'General': 15}
cluster_42	22	692	0.04667016007583829	Velavoz, Craving To Quit, Hallow: Prayer & Meditation, Tiimo - Visual Daily Planner, Ritual: Wellbeing Practices, Pensive - Therapy AI, March: Pelvic & Endometriosis, FitMind: Mind Training, ACT iCoach: Acceptance Commitm, Breeze: Start Self-Discovery, Maudsley Prescribing Guideline, Unwinding Anxiety¬Æ, VOS: Mental Health, AI Therapy, CBT Companion: Therapy app, Endel: Focus, Relax & Sleep, Days Clean Tracker, Expectful: Wellness for Moms, Ultiself | Self-Improvement, Transform - NoFap, Alkeme: Black Mental Health, Alux: Self-Help & Productivity, MindSpa.com	{'subscription': np.float64(0.17976778369920687), 'auto': np.float64(0.12639616947380988), 'account': np.float64(0.12500177495911943), 'renew': np.float64(0.10945775628819521), 'renewal': np.float64(0.10669421041332909), 'terms': np.float64(0.09212811856898231), 'period': np.float64(0.09034542892269487), 'purchase': np.float64(0.08864305869332129), 'hours': np.float64(0.08796617968534229), 'charged': np.float64(0.08747773429298723)}	{'Soothing Audio': 2, 'Educational Content': 17, 'Talk Therapy / Coaching - AI/Digital': 6, 'Meditation': 5, 'Other': 11, 'Journaling': 3, 'Assessment': 4, 'Games': 1}	{'Anxiety': 7, 'General': 15, 'Substance Use': 2, 'ADHD / ADD': 1, 'Depression & Mood Disorders': 3, 'Trauma / PTSD': 1}	{'General': 18, 'Children': 1, 'Religious': 1, 'Neurodivergent': 1, 'Women': 1, 'Pregnant Women / Mothers': 1, 'LGBTQ+': 1, 'Ethnic Minority': 1}
cluster_0	8	700	0.040148973729614734	Ceremony ‚Äì Sound for Healing, Cognitivy. CBT Journal, Field Trip: Psychedelic guide, 6000 thoughts | AI Life Coach, DTR Diary - CBT & Mood Tracker, Psychedelic Trip Guide - Vivid, Emotions Manager, TAP	{'psychedelic': np.float64(0.3633360748452422), 'thoughts': np.float64(0.15441750728753081), 'emotions': np.float64(0.14266566026986707), 'app': np.float64(0.07780460248692804), 'tap': np.float64(0.07014169941156465), 'self': np.float64(0.05808646010595153), 'positive': np.float64(0.057391832081985436), 'personal': np.float64(0.05403451425825235), 'cognitive': np.float64(0.05393105742921219), 'music': np.float64(0.05187724715843622)}	{'Soothing Audio': 1, 'Meditation': 1, 'Journaling': 4, 'Assessment': 2, 'Other': 4, 'Educational Content': 2, 'Talk Therapy / Coaching - AI/Digital': 2}	{'General': 8, 'Anxiety': 1, 'Depression & Mood Disorders': 1}	{'General': 8}
cluster_33	23	723	0.03590981062909237	Soft Skills, Beanemo: Emotional Regulation, Emotional Intelligence, SoulSage: Emotional Healing, Learn Emotional Intelligence, Ahead: Emotions Coach, Emotional Intelligence Mastery, Yana: Your emotional companion, Empathy Set: Feelings & Needs, Tochi: Mood Tracker, Journal, Catzy: Self-Care Journey, Parrot - Emotions Wheel, NeverMind - Mental Health CBT, Positive Intelligence, Yana: More Than Just an AI, The Mental Fitness Gym, MindBuddy: Mood Journal & CBT, empaithy: AI for Mental Health, Emotion Detector, Emotional Intelligence Quiz, How We Feel, Emotional Intelligence for AEC, Talk to Myself	{'emotional': np.float64(0.29478919113329877), 'intelligence': np.float64(0.2033592771774046), 'emotions': np.float64(0.11897093013469147), 'yana': np.float64(0.08030869680565297), 'skills': np.float64(0.05491169781076695), 'mental': np.float64(0.05426389628880793), 'mood': np.float64(0.0461712944831833), 'feel': np.float64(0.04297546509815174), 'self': np.float64(0.042475141111652535), 'build': np.float64(0.04245195425345288)}	{'Educational Content': 12, 'Games': 1, 'Talk Therapy / Coaching - AI/Digital': 8, 'Assessment': 8, 'Meditation': 1, 'Journaling': 8, 'Other': 8, 'Mood Tracking': 4}	{'General': 14, 'ADHD / ADD': 2, 'Anxiety': 10, 'Depression & Mood Disorders': 8}	{'General': 22, 'Children': 1}
cluster_11	38	761	0.027411513077392945	QuitSure: Quit Smoking Smartly, Bad Habit Break, Habit Tracker, Me+ Lifestyle Routine, Anti Addiction :  Screen Time, Chally: Quit Habit, MDF : Quit X Addiction, Quit Addiction - Rewire Brain, Quit Weed, Habit Tracker & Goals - glue, Timecap care: ADHD Habit Timer, Grounded - Quit Weed Tracker, Habit Goals: Habit Tracker, Days Without, Habit Tracker - Proddy, Habit Rabbit: Habit Tracker, Cigarette Counter and Tracker, No More Fap - Quit Addiction, Break bad habits & addictions, SiS4, Quit: Hypnosis to Stop Smoking, Essence: Quit Porn Addiction, Kick It: Quit Smoking | Vaping, Quit Smoking Gradually, Habit Tracker - Mainspring, 21 Days Challenge, Habit Rewards - Habit Tracker, Fabulous Daily Routine Planner, Habit Tracker - Habit Radar, Higher Goals: Inspiring Habits, Life Wheel: Goals, Well-being, Micro Habits: Self-Improvement, Never Relapse Again, StopSocial: Stop doomscrolling, QualityTime : Phone Addiction, Quit Vaping - Quit Tracker, NoBeep: Quit Porn Addiction, Routine Planner, Habit Tracker	{'habit': np.float64(0.19255869479865428), 'smoking': np.float64(0.15262582712746206), 'quit': np.float64(0.14266444163657702), 'habits': np.float64(0.13207692646529076), 'addiction': np.float64(0.101103119378691), 'tracker': np.float64(0.09684058294195963), 'goals': np.float64(0.0869654118945185), 'daily': np.float64(0.06906046911871848), 'bad': np.float64(0.06316107647124988), 'life': np.float64(0.06298699093329505)}	{'Talk Therapy / Coaching - AI/Digital': 6, 'Assessment': 7, 'Other': 31, 'Games': 4, 'Journaling': 3, 'Mood Tracking': 4, 'Educational Content': 3, 'Meditation': 1}	{'Substance Use': 16, 'General': 26, 'ADHD / ADD': 2}	{'General': 36, 'Neurodivergent': 1}
cluster_44	37	798	0.02518131286531486	Plum Village: Mindfulness App, Pura Mente: Sleep & Meditation, Black Lotus: Goals to meditate, Headspace: Meditation & Health, Body Scan Meditation, Beat Social Phobia with Andrew, Serenity: Guided Meditation, Art of Living: Meditation,Yoga, Mindfulness Coach, Higher Self, Evolve: Self-Care & Meditation, Atom: Meditation for Beginners, Healthy Minds Program, Slowdive | Meditation & Mantra, Abide: Bible Meditation Prayer, Mindful Glimpses: Meditation, Lumenate: Explore & Relax, Meditation Plus: music, relax, Miracle of Mind - Sadhguru, Wim Hof Method: Breathwork, The Way: Meditation Path, Yoga+ Daily Stretching By Mary, Sadhguru - Yoga & Meditation, Sattva: Meditation and Mantras, Pause - Guided Meditation & re, Heartfulness: Daily Meditation, Waking Up: Meditation & Wisdom, Meditate Mantra- Focus & Sleep, Simple Habit: Meditation, Mindfulness Meditaci√≥n guiada, Idanim„ÉªMeditation, Mindfulness, Mindfulness.com Meditation App, homodea Meditation, Visual Meditation & Relax, Meditation: Lojong, Mindfulness to go: life skills, Happier meditation	{'meditation': np.float64(0.33197366449373), 'mindfulness': np.float64(0.15680602513596673), 'meditations': np.float64(0.13324751702016288), 'guided': np.float64(0.10036850272014827), 'sleep': np.float64(0.08419489775349086), 'stress': np.float64(0.0809907084742474), 'practice': np.float64(0.07023296830726845), 'anxiety': np.float64(0.061936296750671256), 'app': np.float64(0.060734022584261714), 'life': np.float64(0.05778962048169885)}	{'Meditation': 37, 'Mood Tracking': 2, 'Soothing Audio': 6, 'Talk Therapy / Coaching - AI/Digital': 1, 'Educational Content': 14, 'Other': 11, 'Affirmations/Inspiration': 1, 'Journaling': 3, 'Vocalization/Breathwork': 1, 'Games': 1}	{'General': 25, 'Anxiety': 21, 'Sleep': 8, 'Depression & Mood Disorders': 6, 'Phobias': 1}	{'General': 36, 'Veterans': 1, 'LGBTQ+': 1, 'Religious': 1}
cluster_21	17	815	0.014151878558058025	RecoverBrain Language Therapy, Bicycle Health, recovering from schizophrenia, Pa-Auk Paritta Chants, Innercise¬Æ, Psic√≥logos En L√≠nea Psicovital, CogniFit - Test & Brain Games, Mindfield eSense Biofeedback, Focus - Train your Brain, Constant Therapy Clinician, Brain Fit Life: Mental Health, Constant Therapy: Brain+Speech, Language Therapy: Aphasia, Stamurai: Stuttering Therapy, PsychSurveys, HeadApp - Cognitive Rehab, Eloquent: Stuttering Help	{'brain': np.float64(0.17446975088418093), 'therapy': np.float64(0.1551630750248489), 'speech': np.float64(0.14382297680876627), 'patients': np.float64(0.13246958482508733), 'language': np.float64(0.12719675222163304), 'training': np.float64(0.12200071999297585), 'cognitive': np.float64(0.09892173244178426), 'games': np.float64(0.06585954726403664), 'memory': np.float64(0.063341262727665), 'app': np.float64(0.056040981237921415)}	{'Other': 13, 'Talk Therapy / Coaching - Clinician': 5, 'Talk Therapy / Coaching - AI/Digital': 4, 'Educational Content': 4, 'Games': 3, 'Assessment': 4}	{'General': 15, 'Substance Use': 1, 'Schizophrenia': 1, 'Trauma / PTSD': 1}	{'General': 17}
cluster_28	21	836	0.009569533679098432	Aumio: Family Sleep Meditation, Bedtime stories for adults - C, Sound Machine - White Nois‚Ä™e, Meditopia: Sleep & Meditation, Mindful Mamas: Sleep for Moms, BetterMe: Mental Health, Meditation: Sleep and Relaxing, Visutate: Augmented Reality, The Mindfulness App, Agora Respire, Bedtime Stories for Kids Sleep, Calm - Sleep, Meditate, Relax, Mindfulness with Petit BamBou, Medito: Meditation & Sleep, Level: Meditation, Sleep, Yoga, ThinkRight: Meditation & Sleep, Children's Sleep Meditations, Storybook: Calm Bedtime, Sleep, Mo Meditation, Sleep, Recovery, Balance: Meditation & Sleep, Aura: Meditation & Sleep, CBT	{'sleep': np.float64(0.2521383894858631), 'meditation': np.float64(0.18227944066641955), 'stories': np.float64(0.16814718296950276), 'meditations': np.float64(0.15830490458537627), 'bedtime': np.float64(0.10011257118425593), 'sounds': np.float64(0.09141849982212026), 'children': np.float64(0.08587691128139893), 'calm': np.float64(0.08110817801084438), 'kids': np.float64(0.08050171446764819), 'music': np.float64(0.07640803313489884)}	{'Meditation': 18, 'Soothing Audio': 13, 'Other': 11, 'Educational Content': 5, 'Talk Therapy / Coaching - AI/Digital': 1, 'Journaling': 1, 'Vocalization/Breathwork': 1, 'Assessment': 1}	{'Sleep': 11, 'Anxiety': 9, 'General': 12, 'Depression & Mood Disorders': 2}	{'Parents': 2, 'Children': 4, 'General': 16, 'Pregnant Women / Mothers': 1}
cluster_12	39	875	0.0034320147155445734	LazyFit: Chair Yoga & Pilates, Resilient: strength workouts, Best Life, LiveWell - Make Health a Habit, Symptom & Mood Tracker, Weight Loss Tracker & Watchers, Nike Training Club: Fitness, mySymptoms Food Diary, Quantified Citizen, StressEase - Stress Monitor, Circular, Sonde Mental Fitness, Journal My Health, HealCycle: PMS & PMDD Tracker, Nutrilio: Food Tracker & Water, AgeFactor: Daily Habit Tracker, Symptom, Mood & Period Tracker, Balance - Menopause & Hormones, Symptom Tracker, Samsung Health, Me: Reflect for Self Awareness, Pura by PureHealth, Bellabeat Wellness Coach, Life Notes - Symptom Tracking, BetterMe: Health Coaching, PCOS Tracker, Fitbit, Body Measure & Weight Loss, Belle: Tracker & Self-Care, Wave Health: Symptom Tracker, Cigna Wellbeing, My Circadian Clock, Meds & Pill Reminder MyTherapy, Human Health Tracker, Chronic Insights symptom diary, WHOOP, Guava: Health Tracker, Teladoc Health, Noom: Weight Loss & Health	{'health': np.float64(0.21019287518238083), 'tracker': np.float64(0.10724299161131151), 'data': np.float64(0.10525926166128338), 'symptoms': np.float64(0.1050889958364806), 'fitness': np.float64(0.09683784813973952), 'weight': np.float64(0.08159205215300483), 'track': np.float64(0.07509432090486816), 'sleep': np.float64(0.0713012186544972), 'symptom': np.float64(0.06916928594019638), 'insights': np.float64(0.06683786840828217)}	{'Other': 30, 'Mood Tracking': 13, 'Journaling': 8, 'Assessment': 14, 'Educational Content': 11, 'Talk Therapy / Coaching - AI/Digital': 1, 'Meditation': 2, 'Soothing Audio': 1, 'Affirmations/Inspiration': 1, 'Talk Therapy / Coaching - Clinician': 4}	{'General': 37, 'Anxiety': 6, 'Depression & Mood Disorders': 4, 'ADHD / ADD': 2, 'Trauma / PTSD': 1, 'PMS': 1, 'PMDD': 1, 'Eating Disorders': 2}	{'General': 33, 'Seniors': 2, 'Women': 6, 'Pregnant Women / Mothers': 1}
cluster_14	52	927	-0.0017551587240418416	Self Harm Tracker: Self Care, Voice: Mental Health Guide, ‚ÄéMyPossibleSelf: Mental Health, Quabble: Daily Mental Health, Bear Room: quick stress relief, Remente: Self Care, Wellbeing, Mindspa, Betwixt‚ÄîThe Mental Health Game, Gulpes - Coaching by Stories, Better Mood: Relax & Sleep, Tinnibot | Tinnitus Relief, BeMe: Teen Mental Health, Stress Relief Yoga ‚Äì Anxiety &, Mentalia: Anxiety & Depression, The Calm Gut: IBS Hypnotherapy, Anxiety Solution Stress Relief, WellTrack Boost, Lumiere: Ease Stress & Anxiety, Mental: AI Therapy, Moodfit: Mental Health Fitness, The Self Compassion App, Gambling Addiction Recovery, Mettle: Mental Health for Men, Psychotherapy Toolkit, Anxiety Relief by RelaxifyApp, Mindfit: Mental Health Journal, Wysa Assure, AIME Mental Health & Wellbeing, Intellect: Create A Better You, MindEar | Tinnitus Relief, Wysa: Mental Wellbeing AI, Envol Mind, Smiling Mind: Mental Wellbeing, Sound Therapy | PTSD & Trauma, Self Help Books, Therapsy: Diary & Mood Tracker, Myselfland Emotional Self-Help, Psyhelp: Daily Micro-therapy, Woebot: The Mental Health Ally, UpLife: Mental Health Therapy, Stress & Anxiety: Head On, Voda: LGBTQIA+ Mental Wellness, Mintalitea - Mental Health CBT, Clarity - CBT Thought Diary, HappyMind: Mental Health, The Able Mind: Chat Therapy, MOOD: Teen Mental Health App, Iona: Mental Health Support, Sorted : Mental Health, Amaha (InnerHour): self-care, Psych Insights, Mosaik: CBT therapy journal	{'mental': np.float64(0.15217099436076165), 'anxiety': np.float64(0.11714473214757905), 'self': np.float64(0.11516803270932727), 'health': np.float64(0.10720968922632182), 'therapy': np.float64(0.09240283329988619), 'mood': np.float64(0.08875821636890882), 'stress': np.float64(0.0882993457945699), 'help': np.float64(0.08364954731662046), 'app': np.float64(0.07131135320841235), 'depression': np.float64(0.06806050438844077)}	{'Mood Tracking': 7, 'Journaling': 20, 'Talk Therapy / Coaching - AI/Digital': 25, 'Educational Content': 37, 'Other': 24, 'Games': 2, 'Meditation': 21, 'Vocalization/Breathwork': 2, 'Soothing Audio': 5, 'Assessment': 10, 'Affirmations/Inspiration': 2, 'Talk Therapy / Coaching - Clinician': 1}	{'Self-Harm': 1, 'Anxiety': 40, 'Depression & Mood Disorders': 30, 'General': 18, 'Eating Disorders': 1, 'Substance Use': 1, 'Relationship Difficulties': 1, 'Tinnitus': 1, 'Trauma / PTSD': 1, 'Stress': 1, 'Sleep': 1}	{'General': 48, 'Neurodivergent': 1, 'Youth': 2, 'Men': 1, 'Children': 1, 'LGBTQ+': 1}
cluster_46	16	943	-0.011949148349143053	Relax Moment, Music for Focus by Brain.fm, Meditative Mind: Healing Music, Let's Meditate: Relax & Sleep, Insight Timer - Meditation App, Syntropy: Relaxing Art & Music, Colors: Stress, Sleep, Relax, CBT Hypnotherapy: MentalFuture, Breethe - Sleep & Meditation, Deep Meditate: Relax & Sleep, Tide - Sleep & Meditation, Progressive Muscle Relaxation, Meditation Moments, Zen: Relax, Meditate & Sleep, Flow : Music Therapy, Music Therapy for Autism	{'music': np.float64(0.2673354461910607), 'sleep': np.float64(0.20623606090952784), 'meditation': np.float64(0.17465855902822564), 'meditations': np.float64(0.10004717301671558), 'tracks': np.float64(0.09490577280659819), 'sounds': np.float64(0.08930952031996395), 'relax': np.float64(0.08234171818312283), 'relaxation': np.float64(0.08016008199760784), 'nature': np.float64(0.0719896827747744), 'guided': np.float64(0.0598622596965002)}	{'Meditation': 12, 'Soothing Audio': 14, 'Other': 11, 'Talk Therapy / Coaching - AI/Digital': 1, 'Educational Content': 2, 'Journaling': 1, 'Affirmations/Inspiration': 1}	{'Sleep': 11, 'Anxiety': 10, 'General': 8, 'Depression & Mood Disorders': 1, 'OCD': 1, 'Trauma / PTSD': 1, 'ADHD / ADD': 1}	{'General': 15, 'Children': 1, 'Neurodivergent': 1}
cluster_23	88	1031	-0.043244792799720266	Lasting: Marriage Counseling, TalkLife: Peer Support, Mindfulness Bell, Fig: The Game for Depression, Seven Starling, Soulout: Mental Health Network, AntiSocial: phone addiction, Coping Skills for Adults, Gregorian Chants, ACT Mindfully, Full Spectrum ABA, Therapeze - Therapy Notes, Craving Control Mobile, Breakup Diary, Be Ceremonial, Breakup Guide And Support, Bezyl: Peer-to-Peer Support, Deeper Talks: Relationships, Lumi Nova: Tales of Courage, AIMS for Anger Management, Crisis Buddy, Love Wise: Relationship Advice, Fluid Focus, Everything AA, Resilience care, PursueCare, Circles: Mental Health Support, Addiction Rx, Wisdom: The World of Emotions, Lusha, Kids ADHD Chore Tracker, Glorify: Devotional & Prayer, ACT Companion, LifeMD, Dugri: Peer Support Network, KnowDrugs Drug Checking, Forest Island - Relax & Calm, ME/CFS Pacing, Psychology Daily, MDLIVE: Talk to a Doctor 24/7, Freeme: ME/CFS and Long Covid, PsychFlex, Mentor.AI, Driven Resilience App, Brightline: Mental Health, Dreamy - Dreams Interpretation, Relaxez et Dormez Bien, Self-Talk Plus+, Theraview - Track ADHD Meds, RecoverMe, Antistress - relaxation toys, iPrevail: Online Peer Support, BestInterest for Coparents, CosmoHub: Beauty Skin Care App, Dream Journal Ultimate, Self-help App for the Mind SAM, Wellness Coach, Arthritis Tracker, NA Meeting Search, Sober Meditations and Recovery, ACT Compass - Mental Health, AIRS - Resilience Training, –ü—Å–∏—Ö–æ–≥—Ä–∞–º, Calm Harm ‚Äì manage self-harm, Dose, Stanza for Fibro, Feel Better‚Ñ¢, Selia, ACT Coach, Shmoody: Improve Your Mood, Pain Coach, DiaryVault: diary with backup, Mental Skills, Relay: Quit Porn Addiction, Patri Psic√≥loga, Meomind - Therapy Anytime, Deliciously Ella: Feel Better, QuickMD - Online Healthcare, Enrg Tune by Sasha Cobra, Mini Mental State Examination, Hypnozio: Mindset change, mResilience, Therapeer: Emotional Support, Brainbuddy: Quit Porn Forever, Companion: Family Support, Communia: women's social media, eM Life, CannaBook: Cannabis Companion, Aware: Mindfulness & Wellbeing	{'support': np.float64(0.061075132720950685), 'app': np.float64(0.057676140225100696), 'therapy': np.float64(0.051936036877612515), 'general': np.float64(0.048038143510129264), 'help': np.float64(0.04222039062039276), 'use': np.float64(0.04090727702335908), 'community': np.float64(0.035910279627010655), 'time': np.float64(0.03494553905469947), 'life': np.float64(0.03425434715363819), 'health': np.float64(0.034163478877893755)}	{'Talk Therapy / Coaching - Clinician': 17, 'Educational Content': 32, 'Talk Therapy / Coaching - Peer': 11, 'Other': 62, 'Games': 8, 'Mood Tracking': 3, 'Soothing Audio': 4, 'Journaling': 11, 'Assessment': 10, 'Talk Therapy / Coaching - AI/Digital': 9, 'Meditation': 6, 'Vocalization/Breathwork': 1}	{'Relationship Difficulties': 5, 'General': 67, 'Depression & Mood Disorders': 7, 'Substance Use': 12, 'Anxiety': 12, 'Anger': 1, 'Trauma / PTSD': 2, 'ADHD / ADD': 2, 'Sleep': 2, 'Self-Harm': 1}	{'Couples': 2, 'General': 73, 'Pregnant Women / Mothers': 1, 'Children': 5, 'Neurodivergent': 1, 'Veterans': 4, 'Youth': 4, 'Religious': 1, 'Parents': 1, 'Women': 1, 'LGBTQ+': 1}
